Frame,Time (ns),RMSD 2 (51 atoms)
1,0.0,0.07934325442371663
2,0.1,1.3925009291139094
3,0.2,2.045013379716138
4,0.3,1.4002282149400087
5,0.4,1.6325545908827723
6,0.5,1.4194178592460662
7,0.6,1.7993997373568829
8,0.7,2.0087228531687122
9,0.8,2.5526543877932615
10,0.9,2.870905499736163
11,1.0,2.2668974766907297
12,1.1,4.354666156666515
13,1.2,4.028138969744499
14,1.3,3.234368397970053
15,1.4,3.0501626534414976
16,1.5,2.2688738067384935
17,1.6,2.7693917297712414
18,1.7,3.9883014061707693
19,1.8,2.63006782432739
20,1.9,3.921935342773655
21,2.0,2.8482107925239304
22,2.1,1.995930892334584
23,2.2,1.9176762206269864
24,2.3,2.6236018034670603
25,2.4,3.111745490259802
26,2.5001,1.8778512737365607
27,2.6001,3.5226832407096422
28,2.7001,2.5082023035496204
29,2.8001,2.6491487581566093
30,2.9001,2.9631663665434305
31,3.0001,3.278725425539677
32,3.1001,3.882062340641719
33,3.2001,3.1554992549042016
34,3.3001,2.702139848383734
35,3.4001,3.730461804067244
36,3.5001,2.8304587194694664
37,3.6001,2.298944628880398
38,3.7001,2.937819018607868
39,3.8001,3.1606774251214618
40,3.9001,2.10449158885139
41,4.0001,3.1888607597736107
42,4.1001,4.680983799507005
43,4.2001,5.386674373208451
44,4.3001,3.220560511610648
45,4.4001,3.434729880029482
46,4.5001,3.5370647677392077
47,4.6001,3.3057501231380857
48,4.7001,2.8364790220622873
49,4.8001,2.3213524649898254
50,4.9001,3.0346532441620973
51,5.0001,2.3988328776165266
52,5.1001,2.8566256182248813
53,5.2001,3.6566749756466104
54,5.3001,2.4670872846428815
55,5.4001,3.60282639799083
56,5.5001,4.635387318456222
57,5.6001,3.442364874514336
58,5.7001,4.196827992370752
59,5.8001,2.8262947202605906
60,5.9001,5.0103747117604795
61,6.0001,3.871711024635988
62,6.1001,2.731374118926047
63,6.2001,5.728461886616396
64,6.3001,4.269359444257014
65,6.4001,5.207920559476028
66,6.5001,3.6792611346785074
67,6.6001,3.2342800876446325
68,6.7001,4.7018718000089
69,6.8001,3.7088161503866752
70,6.9001,4.600834996329783
71,7.0001,6.203801890840024
72,7.1001,4.62417412214994
73,7.2001,3.8890228033266556
74,7.3001,4.0727931427314035
75,7.4001,4.780412187970826
76,7.5002,3.236016229965366
77,7.6002,3.391731163639956
78,7.7002,6.001660195621784
79,7.8002,3.1737449170081886
80,7.9002,5.1385635124288855
81,8.0002,3.7553641612499677
82,8.1002,2.8540040566592757
83,8.2002,2.6528985918889703
84,8.3002,2.7169323646047263
85,8.4002,3.2945463879269363
86,8.5002,2.479191818246483
87,8.6002,3.136321264586848
88,8.7002,4.216718838450803
89,8.8002,3.6331695685797873
90,8.9002,3.48262284879499
91,9.0002,2.732382501846836
92,9.1002,3.2269982336471315
93,9.2002,3.3986842834189743
94,9.3002,3.4229934119216723
95,9.4002,3.4325119832044386
96,9.5002,3.3968295363362553
97,9.6002,3.5333805158423686
98,9.7002,3.0029446282138403
99,9.8002,4.245094086735876
100,9.9002,4.116503233181705
101,10.0002,5.520133429432206
102,10.1002,5.441766117774525
103,10.2002,6.598897793294
104,10.3002,5.5883382690170675
105,10.4002,6.5608800489371175
106,10.5002,7.787567328773022
107,10.6002,4.820641380031259
108,10.7002,5.231966708587756
109,10.8002,4.4755570023303965
110,10.9002,4.60196991990299
111,11.0002,3.143407475998026
112,11.1002,3.0338630888126716
113,11.2002,4.67931593329303
114,11.3002,4.391645589675427
115,11.4002,4.639980459453194
116,11.5002,4.334961966631735
117,11.6002,5.572303961025735
118,11.7002,5.013664428472134
119,11.8002,3.9264940266421093
120,11.9002,3.6537900944995534
121,12.0002,3.669209911636162
122,12.1002,3.6343184954471375
123,12.2002,3.879395953808252
124,12.3002,5.5819342062699375
125,12.4002,4.560149616413877
126,12.5002,6.598492809326275
127,12.6003,6.01266110311201
128,12.7003,5.172115485238848
129,12.8003,6.729310603986021
130,12.9003,3.8356490008379316
131,13.0003,4.273503565347068
132,13.1003,4.975172166496426
133,13.2003,3.6623623847693416
134,13.3003,5.634951426230673
135,13.4003,4.532275523556373
136,13.5003,3.7228394395409414
137,13.6003,3.881958753901767
138,13.7003,3.7147762379723948
139,13.8003,4.267415044131654
140,13.9003,5.066850641026031
141,14.0003,4.698215051884784
142,14.1003,3.6808272638844937
143,14.2003,3.665224127385247
144,14.3003,3.397835236438921
145,14.4003,3.2401811930963063
146,14.5003,3.69318116235158
147,14.6003,3.116014752595792
148,14.7003,4.270042313359635
149,14.8003,4.425221631326949
150,14.9003,6.921551123617483
151,15.0003,4.819295667079129
152,15.1003,5.0807280185695864
153,15.2003,4.909537743942037
154,15.3003,5.1115731511478515
155,15.4003,3.553013145599591
156,15.5003,3.7139546823959813
157,15.6003,3.3001683588360073
158,15.7003,5.406849690929019
159,15.8003,2.940876875680706
160,15.9003,3.382172875953384
161,16.0003,5.181135999704588
162,16.1003,6.304697849196088
163,16.2003,4.847682050515003
164,16.3003,3.56008316914865
165,16.4003,4.1118390930055275
166,16.5003,4.577736100524697
167,16.6003,2.582380740144826
168,16.7003,3.4764271079899114
169,16.8003,3.8253759023796814
170,16.9003,4.193251095708599
171,17.0003,5.198608813090411
172,17.1003,5.237295356904889
173,17.2003,2.9262010894818316
174,17.3003,3.141399214184656
175,17.4003,5.592594894713783
176,17.5004,3.797817510143521
177,17.6004,5.125622738673133
178,17.7004,4.450336694886201
179,17.8004,4.562617747383446
180,17.9004,4.210832128830453
181,18.0004,3.636984196821645
182,18.1004,3.6241644281774077
183,18.2004,5.184407480262878
184,18.3004,4.502623859670951
185,18.4004,3.015672467222981
186,18.5004,4.453460123126345
187,18.6004,4.41581324749675
188,18.7004,5.174432370487922
189,18.8004,4.656790106087351
190,18.9004,3.74038964735915
191,19.0004,4.906151083340773
192,19.1004,3.133167197709182
193,19.2004,3.5083455402703256
194,19.3004,3.5996332973969714
195,19.4004,2.6173670899341213
196,19.5004,3.1122782328104477
197,19.6004,3.6292490625848997
198,19.7004,3.6081913428516073
199,19.8004,8.07951496384531
200,19.9004,4.466637740650428
201,20.0004,5.42133168220487
202,20.1004,4.560244942575047
203,20.2004,5.240093039052582
204,20.3004,4.488106854134797
205,20.4004,3.7731048540299614
206,20.5004,3.330487174696917
207,20.6004,4.367211403978585
208,20.7004,3.5936193854615186
209,20.8004,3.5830575117807335
210,20.9004,3.3599750771146963
211,21.0004,2.8191606316049005
212,21.1004,6.55567940274641
213,21.2004,6.666314535449192
214,21.3004,3.935890004017467
215,21.4004,4.431101538500362
216,21.5004,3.6216266547457314
217,21.6004,4.684842002505376
218,21.7004,3.9261655858695628
219,21.8004,6.597320997525268
220,21.9004,3.6090935552630294
221,22.0004,4.962516173355559
222,22.1004,3.146778923005343
223,22.2004,3.1620246844342703
224,22.3004,3.1211918497422992
225,22.4004,3.6330289663872235
226,22.5005,4.0645319910694395
227,22.6005,4.190987607071198
228,22.7005,3.8747877897666974
229,22.8005,3.067985312137122
230,22.9005,4.907115658623816
231,23.0005,5.213653722362425
232,23.1005,3.8018277449200766
233,23.2005,4.045247148662959
234,23.3005,3.368538582580752
235,23.4005,3.603012902950145
236,23.5005,5.2567308563782245
237,23.6005,3.4661856030694174
238,23.7005,4.711395856353552
239,23.8005,4.985391639916894
240,23.9005,5.9647063717818085
241,24.0005,6.249051245932163
242,24.1005,5.611887053583812
243,24.2005,5.771983193781262
244,24.3005,6.297417696644088
245,24.4005,5.627687412166371
246,24.5005,4.836148031757456
247,24.6005,4.6800032378423415
248,24.7005,4.42771487157611
249,24.8005,3.208240081514185
250,24.9005,5.423865004629977
251,25.0005,4.43245324328371
252,25.1005,3.2319683670063784
253,25.2005,3.7088117305677613
254,25.3005,4.3469338069886785
255,25.4005,3.963324628492571
256,25.5005,5.030409213474155
257,25.6005,7.990183854594099
258,25.7005,6.979181836991529
259,25.8005,7.22767974775732
260,25.9005,5.866471645968654
261,26.0005,4.772904267072585
262,26.1005,3.693848578422023
263,26.2005,5.0622951720315434
264,26.3005,3.656689325977909
265,26.4005,7.773365923958305
266,26.5005,4.146646226289642
267,26.6005,3.522329077141872
268,26.7005,3.1779165953008333
269,26.8005,4.2057185347183
270,26.9005,3.40092918301378
271,27.0005,3.4344806949876223
272,27.1005,3.233899802973996
273,27.2005,3.743783814560893
274,27.3005,4.102861398167383
275,27.4005,3.7488482324537107
276,27.5006,3.65932974355687
277,27.6006,5.529490746264081
278,27.7006,3.6549414283088577
279,27.8006,3.703535164504612
280,27.9006,4.756946268719791
281,28.0006,3.5284803518257393
282,28.1006,4.147137081787075
283,28.2006,3.552310858234466
284,28.3006,3.5873528492402635
285,28.4006,5.057052817051171
286,28.5006,4.483163793207785
287,28.6006,3.0245844125656363
288,28.7006,4.16147294981981
289,28.8006,4.149103885669777
290,28.9006,2.9543397221062273
291,29.0006,3.402236490156276
292,29.1006,3.5482226653038555
293,29.2006,3.9398194441799577
294,29.3006,4.956470451362368
295,29.4006,4.578412538552141
296,29.5006,4.118367727266688
297,29.6006,4.608443567731098
298,29.7006,3.8283421366267074
299,29.8006,5.189498935286262
300,29.9006,3.315607877661571
301,30.0006,3.006528667004744
302,30.1006,3.5396097140504144
303,30.2006,3.830189518455629
304,30.3006,4.720840546164156
305,30.4006,4.337302139870455
306,30.5006,5.005544787785325
307,30.6006,5.837841648203707
308,30.7006,3.792127855799212
309,30.8006,4.5296598797862
310,30.9006,7.368819037693279
311,31.0006,6.252400554512221
312,31.1006,5.046493622054793
313,31.2006,5.912416463044779
314,31.3006,6.526234282099324
315,31.4006,4.640624222915914
316,31.5006,5.814037820590926
317,31.6006,4.407333357036795
318,31.7006,4.039274009248971
319,31.8006,5.043381018194424
320,31.9006,5.378168932470816
321,32.0006,5.724970885510535
322,32.1006,6.8276944639934705
323,32.2006,7.018794944893661
324,32.3006,6.098912327918218
325,32.4006,3.845589010859947
326,32.5007,3.6501918466533305
327,32.6007,4.1481240700650535
328,32.7007,3.6423168986206336
329,32.8007,3.9383304742402148
330,32.9007,3.935882067333847
331,33.0007,4.963506527032032
332,33.1007,5.489334694289927
333,33.2007,4.870552269220746
334,33.3007,4.503225968984284
335,33.4007,4.647596879916016
336,33.5007,6.6093540735677205
337,33.6007,3.9905565941748184
338,33.7007,6.792510168634309
339,33.8007,5.4780329185228975
340,33.9007,6.157890350919355
341,34.0007,6.854508396270077
342,34.1007,6.289071576080816
343,34.2007,6.910641839301481
344,34.3007,6.610440359621351
345,34.4007,5.243839270096946
346,34.5007,5.286064028372794
347,34.6007,4.548226810510647
348,34.7007,3.456469097501529
349,34.8007,5.85171612560449
350,34.9007,4.169097401401467
351,35.0007,4.9724863063017315
352,35.1007,8.051091618026708
353,35.2007,5.669902901232587
354,35.3007,4.618346592953373
355,35.4007,4.800767019648824
356,35.5007,5.059280290614289
357,35.6007,4.549075340488999
358,35.7007,5.12603633871907
359,35.8007,5.352363963230863
360,35.9007,5.383833743752671
361,36.0007,3.9637526963694487
362,36.1007,4.295896692068598
363,36.2007,4.947814703514202
364,36.3007,4.365549364948268
365,36.4007,4.36060213803979
366,36.5007,4.344737875737149
367,36.6007,3.6007602210364436
368,36.7007,3.7540514256054465
369,36.8007,3.970236276451179
370,36.9007,4.604866748257728
371,37.0007,4.88868329174701
372,37.1007,6.626505047542949
373,37.2007,4.979576909570145
374,37.3007,5.295659363122948
375,37.4007,6.1651880520409845
376,37.5007,5.778934338320448
377,37.6008,4.636022492591148
378,37.7008,4.229935571732567
379,37.8008,5.8178554607630515
380,37.9008,7.992460511258108
381,38.0008,6.494168420513695
382,38.1008,5.599033383061332
383,38.2008,4.447074130724165
384,38.3008,6.226504583067949
385,38.4008,4.685355534050608
386,38.5008,4.279140452343826
387,38.6008,3.5546963237091225
388,38.7008,4.105405389327567
389,38.8008,4.047317111803695
390,38.9008,4.2427729538901255
391,39.0008,4.5577343269517865
392,39.1008,5.474642146138334
393,39.2008,4.787562509996542
394,39.3008,4.925862308554012
395,39.4008,4.967804713462358
396,39.5008,5.10630928299569
397,39.6008,5.3749613847382
398,39.7008,4.407805634744746
399,39.8008,4.321003935240015
400,39.9008,3.223220424203719
401,40.0008,5.013968869741667
402,40.1008,5.392725983444663
403,40.2008,6.028572502395281
404,40.3008,5.025436748044725
405,40.4008,4.5547959287101545
406,40.5008,6.610697612268931
407,40.6008,7.803134853712036
408,40.7008,6.274087752840027
409,40.8008,7.328392821967174
410,40.9008,4.623451668356575
411,41.0008,4.237239550818606
412,41.1008,5.476147603585104
413,41.2008,4.6013676315133845
414,41.3008,5.607394400165866
415,41.4008,7.406328718389043
416,41.5008,7.11631083682942
417,41.6008,5.147353090769744
418,41.7008,6.819351796009213
419,41.8008,5.469776415517712
420,41.9008,4.678454594606802
421,42.0008,6.0436841086326485
422,42.1008,5.833054461015177
423,42.2008,5.15982767136816
424,42.3008,5.097835973781919
425,42.4008,4.975070300230229
426,42.5008,4.889955156602093
427,42.6009,4.942444336500568
428,42.7009,5.504830297705598
429,42.8009,4.9178187584022615
430,42.9009,6.046324593415296
431,43.0009,6.012332577568607
432,43.1009,6.4125867680652435
433,43.2009,6.023660068662502
434,43.3009,6.912641891684702
435,43.4009,6.6957838282138535
436,43.5009,5.395368321840936
437,43.6009,7.042523992001873
438,43.7009,9.15335862865669
439,43.8009,5.601714982314059
440,43.9009,6.288686043479221
441,44.0009,5.315714256496048
442,44.1009,6.332873790558072
443,44.2009,4.9320683016910305
444,44.3009,6.125744428589415
445,44.4009,5.1429030096634225
446,44.5009,4.7240918380476185
447,44.6009,7.051694236252644
448,44.7009,7.430276854342287
449,44.8009,4.7300747973141375
450,44.9009,4.296614232834637
451,45.0009,4.868784997179709
452,45.1009,5.950930306727711
453,45.2009,6.492372846129006
454,45.3009,7.077588685894698
455,45.4009,5.025952833379463
456,45.5009,5.665647787390456
457,45.6009,4.832139854054232
458,45.7009,5.502129736091281
459,45.8009,5.521499687746542
460,45.9009,5.460950738229201
461,46.0009,5.171978090367688
462,46.1009,5.574694014329383
463,46.2009,6.048764005082463
464,46.3009,5.652453199452971
465,46.4009,6.088646239099222
466,46.5009,5.642828846523761
467,46.6009,4.982132088904192
468,46.7009,5.192705882136701
469,46.8009,5.463401484775836
470,46.9009,5.231766042722762
471,47.0009,5.0942885993827955
472,47.1009,5.001967736018345
473,47.2009,5.286710370086436
474,47.3009,5.7293706596237595
475,47.4009,6.196300507535882
476,47.501,5.387702465544264
477,47.601,5.066261023659935
478,47.701,4.730341685943906
479,47.801,5.191685611334993
480,47.901,5.258117806226845
481,48.001,4.869452297072644
482,48.101,5.116136080272271
483,48.201,5.508647034919311
484,48.301,5.057251738066922
485,48.401,5.720976886304163
486,48.501,6.108908817770142
487,48.601,6.103122306062034
488,48.701,7.960066135742447
489,48.801,7.278556522517866
490,48.901,6.515903576454036
491,49.001,5.447754246312801
492,49.101,7.848115319177529
493,49.201,5.904643724426985
494,49.301,7.669767867638702
495,49.401,8.236336292379269
496,49.501,6.23848663313038
497,49.601,5.53758875714988
498,49.701,7.560390496211494
499,49.801,6.0024220254798
500,49.901,6.40893427293201
501,50.001,7.4345459936752825
502,50.101,8.053632403426983
503,50.201,5.389498690113501
504,50.301,6.908778942609731
505,50.401,6.168776058766558
506,50.501,6.288422229943553
507,50.601,5.789303763149668
508,50.701,6.833737710811274
509,50.801,7.293541831398667
510,50.901,6.51583017361425
511,51.001,6.0506998023216365
512,51.101,6.480828810164928
513,51.201,5.783441523496741
514,51.301,5.64937401488285
515,51.401,6.67600140691123
516,51.501,6.735756247720258
517,51.601,5.862478383641828
518,51.701,6.092625816486594
519,51.801,4.979327890401933
520,51.901,5.937480974184227
521,52.001,4.037441301341268
522,52.101,5.7586583867281
523,52.201,5.251078357661779
524,52.301,4.8979917944694815
525,52.401,5.747307064411163
526,52.5011,5.769071933697108
527,52.6011,5.052268681181482
528,52.7011,4.970579542385142
529,52.8011,5.396468464307272
530,52.9011,5.8008863140430575
531,53.0011,5.7510545350997635
532,53.1011,5.7048220120423885
533,53.2011,5.168908563683973
534,53.3011,4.696399232448868
535,53.4011,5.047244371857927
536,53.5011,6.2566010409699135
537,53.6011,6.071237271498482
538,53.7011,4.883193589947663
539,53.8011,5.682195126755837
540,53.9011,6.88057506852236
541,54.0011,6.136337030774364
542,54.1011,4.99858412004051
543,54.2011,4.469488426268307
544,54.3011,5.540998046316064
545,54.4011,5.159866459319212
546,54.5011,4.8549495714561415
547,54.6011,5.069221920795474
548,54.7011,4.983882680513982
549,54.8011,4.494734186439458
550,54.9011,5.8390115291672
551,55.0011,5.9638739092464785
552,55.1011,5.279508191921025
553,55.2011,4.636405326579789
554,55.3011,5.056259177850215
555,55.4011,4.400394460801456
556,55.5011,5.410847975389462
557,55.6011,5.402528212350109
558,55.7011,4.821494588809299
559,55.8011,5.247710297103063
560,55.9011,5.386729399892571
561,56.0011,5.570589566334849
562,56.1011,5.930689532788942
563,56.2011,5.633125664901954
564,56.3011,4.891232045943329
565,56.4011,5.494233820694935
566,56.5011,4.9067575306263596
567,56.6011,4.925468367892537
568,56.7011,4.991825010121702
569,56.8011,5.571933452791181
570,56.9011,5.145044574888241
571,57.0011,6.364355007371676
572,57.1011,5.10739941409082
573,57.2011,5.660663952322172
574,57.3011,5.5069050750725586
575,57.4011,5.7864178336325125
576,57.5012,5.701311575803556
577,57.6012,6.073614998530702
578,57.7012,5.576880083729415
579,57.8012,5.2483513190228805
580,57.9012,5.294706332511524
581,58.0012,5.442009717869117
582,58.1012,5.517271589503956
583,58.2012,6.243162352179185
584,58.3012,6.017543370273697
585,58.4012,5.078265082809189
586,58.5012,6.752492600149341
587,58.6012,6.329143247945355
588,58.7012,6.887297393069011
589,58.8012,6.5246229988734274
590,58.9012,5.195048770191698
591,59.0012,4.86807197239114
592,59.1012,4.855290057992375
593,59.2012,5.446486455124596
594,59.3012,5.065085320496641
595,59.4012,5.038270323495053
596,59.5012,5.7613501332319625
597,59.6012,5.835870795900482
598,59.7012,4.650098859095283
599,59.8012,5.0857371551419295
600,59.9012,5.611757825006147
601,60.0012,5.595558842465414
602,60.1012,4.839609185474516
603,60.2012,4.733934367230353
604,60.3012,5.114904817125231
605,60.4012,4.889250110455855
606,60.5012,5.99176591336892
607,60.6012,5.415580172719493
608,60.7012,4.602425252291043
609,60.8012,5.662839807662329
610,60.9012,5.833286584230437
611,61.0012,5.741392857785126
612,61.1012,5.680407019092697
613,61.2012,5.420113541285316
614,61.3012,6.469422143833287
615,61.4012,5.062801255921375
616,61.5012,5.507578246300332
617,61.6012,6.693790895118562
618,61.7012,5.350024959682698
619,61.8012,4.937194238053544
620,61.9012,6.643259945689121
621,62.0012,6.74434959980029
622,62.1012,4.993994101477299
623,62.2012,4.424055001010769
624,62.3012,5.807369954915891
625,62.4012,5.848261501273594
626,62.5012,4.360304582764765
627,62.6013,4.5082214141307295
628,62.7013,4.413143163524377
629,62.8013,4.814682275141106
630,62.9013,5.544808994341326
631,63.0013,5.2484232352713365
632,63.1013,5.047731438503349
633,63.2013,4.713827179749205
634,63.3013,5.298314312398625
635,63.4013,6.331189655038632
636,63.5013,5.141822454454598
637,63.6013,5.806886458001453
638,63.7013,6.583273243087886
639,63.8013,7.976139320406908
640,63.9013,4.950334694588077
641,64.0013,5.049161041531106
642,64.1013,5.0117326020729775
643,64.2013,4.1167984515302445
644,64.3013,5.600135952425752
645,64.4013,4.704807550564599
646,64.5013,4.750731387691306
647,64.6013,4.857850575874492
648,64.7013,4.775692886875834
649,64.8013,4.742363122096247
650,64.9013,4.7500344067655496
651,65.0013,4.677794874727558
652,65.1013,4.8330186707448295
653,65.2013,4.754727045898829
654,65.3013,6.6708602060498645
655,65.4013,4.772357121706238
656,65.5013,5.742622728789192
657,65.6013,7.06444965805176
658,65.7013,6.464342871852345
659,65.8013,6.70632485178841
660,65.9013,7.398418664038363
661,66.0013,5.49825135169827
662,66.1013,5.8743698025119775
663,66.2013,4.600797279576752
664,66.3013,6.327106590854691
665,66.4013,7.440761131325445
666,66.5013,5.0604630968127555
667,66.6013,5.674516876355434
668,66.7013,4.753064052267416
669,66.8013,5.5278221825287535
670,66.9013,7.487100404651124
671,67.0013,5.9272383527156824
672,67.1013,5.07123206030669
673,67.2013,4.566568583767301
674,67.3013,6.534197490816416
675,67.4013,7.330971065890111
676,67.5014,6.988362413481328
677,67.6014,5.935192634044236
678,67.7014,6.259615193765034
679,67.8014,5.991937254166017
680,67.9014,7.429916665203623
681,68.0014,7.6135862127469505
682,68.1014,7.466332204667641
683,68.2014,8.421477791191496
684,68.3014,4.671227041494775
685,68.4014,6.5944615595614025
686,68.5014,4.780816948039444
687,68.6014,4.966790712415716
688,68.7014,5.21718408985342
689,68.8014,5.40897612764437
690,68.9014,4.98004801214904
691,69.0014,7.262074166914653
692,69.1014,6.07080447358836
693,69.2014,5.397883571578354
694,69.3014,5.1224334607788515
695,69.4014,7.25175370519697
696,69.5014,5.18558491477912
697,69.6014,5.06727258496086
698,69.7014,4.953080927896482
699,69.8014,4.668261741393752
700,69.9014,4.741933566724975
701,70.0014,4.426893052580013
702,70.1014,6.0522500109029345
703,70.2014,5.121726019524475
704,70.3014,6.334406033894858
705,70.4014,4.306882979977948
706,70.5014,6.06599156409624
707,70.6014,4.646409426790753
708,70.7014,5.194102558768282
709,70.8014,4.873481342505782
710,70.9014,6.3419431023601405
711,71.0014,4.652109638481993
712,71.1014,6.022172914505276
713,71.2014,5.893379947893691
714,71.3014,6.146521314279098
715,71.4014,5.740907028146946
716,71.5014,5.140371027487146
717,71.6014,4.724388753836861
718,71.7014,5.604609815598234
719,71.8014,4.390523260589244
720,71.9014,4.567222392872639
721,72.0014,4.807806328008066
722,72.1014,5.452881118567852
723,72.2014,8.504890364645298
724,72.3014,6.799372079378339
725,72.4014,7.05109610616041
726,72.5014,6.885999283632013
727,72.6015,6.25217225697275
728,72.7015,6.803044748492827
729,72.8015,7.680937998231294
730,72.9015,6.085054114565459
731,73.0015,6.465797822534764
732,73.1015,5.348357243547998
733,73.2015,5.92186335121453
734,73.3015,6.96983289302093
735,73.4015,6.480945745796274
736,73.5015,6.777532908107218
737,73.6015,6.205685397757975
738,73.7015,6.754045268681063
739,73.8015,5.612682484227705
740,73.9015,6.233253748542474
741,74.0015,6.180666697827407
742,74.1015,5.508612992755547
743,74.2015,5.271855289776616
744,74.3015,6.656049978159668
745,74.4015,8.297018221205498
746,74.5015,6.705499054009124
747,74.6015,6.384239715638309
748,74.7015,6.072598283843416
749,74.8015,5.263840807827752
750,74.9015,5.188627627341536
751,75.0015,6.167317374683214
752,75.1015,5.692703047386938
753,75.2015,5.489804380555946
754,75.3015,5.057552431776677
755,75.4015,5.178683819995773
756,75.5015,4.8208273067602025
757,75.6015,4.554433830864757
758,75.7015,4.87978028320415
759,75.8015,4.735308377490958
760,75.9015,4.736683527322437
761,76.0015,4.631848856193349
762,76.1015,4.40223681544379
763,76.2015,4.737906289503236
764,76.3015,5.480469587066368
765,76.4015,4.831123809182766
766,76.5015,4.353292063257159
767,76.6015,5.347080669099636
768,76.7015,5.210289330423751
769,76.8015,4.558437489745564
770,76.9015,4.6054541515021725
771,77.0015,4.865736465830879
772,77.1015,4.431892047376551
773,77.2015,4.186296470580585
774,77.3015,4.304277373816644
775,77.4015,4.76613401074334
776,77.5016,5.143439431759747
777,77.6016,4.943543941077497
778,77.7016,7.0624090862205895
779,77.8016,4.28560813907915
780,77.9016,6.297389745976983
781,78.0016,5.639918763473448
782,78.1016,4.890544260710237
783,78.2016,4.7574800006360425
784,78.3016,6.559464460044906
785,78.4016,7.158727420150423
786,78.5016,5.69376410939097
787,78.6016,6.161147700352076
788,78.7016,4.928586965906234
789,78.8016,4.944728579011018
790,78.9016,4.8210843244179955
791,79.0016,5.7451225076004615
792,79.1016,5.3872101887773205
793,79.2016,4.268311966599359
794,79.3016,4.848607489356906
795,79.4016,4.312655227458595
796,79.5016,5.033409082462236
797,79.6016,4.392870304640314
798,79.7016,4.697740340922508
799,79.8016,4.185184798219034
800,79.9016,4.031354727387193
801,80.0016,4.593130019942085
802,80.1016,4.392401527176343
803,80.2016,5.106653967324935
804,80.3016,4.464366724730986
805,80.4016,5.718641107187736
806,80.5016,4.216047930878273
807,80.6016,5.007991490714353
808,80.7016,5.483001366828306
809,80.8016,4.999210304964339
810,80.9016,5.471893403921193
811,81.0016,8.443520428244357
812,81.1016,5.8853581660136784
813,81.2016,4.8192230136658365
814,81.3016,7.334988790721555
815,81.4016,4.423829598613984
816,81.5016,4.498409118239573
817,81.6016,5.631504031200324
818,81.7016,4.803873384073047
819,81.8016,6.026805148444554
820,81.9016,4.948089314289984
821,82.0016,4.972912057298754
822,82.1016,5.371986243638921
823,82.2016,9.953924508278474
824,82.3016,4.459869689602687
825,82.4016,4.66915401694353
826,82.5017,6.3339651462939175
827,82.6017,5.87217226015475
828,82.7017,5.322307027877739
829,82.8017,7.350513804423625
830,82.9017,6.49053931984122
831,83.0017,6.579600790535602
832,83.1017,7.890526609713754
833,83.2017,6.337673624686152
834,83.3017,5.650756411712746
835,83.4017,5.108329921528917
836,83.5017,5.489077960822058
837,83.6017,5.099454750774255
838,83.7017,7.842872477265873
839,83.8017,4.762927026320343
840,83.9017,5.049668427928811
841,84.0017,6.496309217895319
842,84.1017,5.63137959046776
843,84.2017,4.999664466869565
844,84.3017,4.276927454211849
845,84.4017,4.5011413262805835
846,84.5017,6.043928206350543
847,84.6017,4.319380170567832
848,84.7017,4.386518777582388
849,84.8017,5.3187943465545064
850,84.9017,5.612198383294529
851,85.0017,4.626559723712933
852,85.1017,4.849473624703939
853,85.2017,4.266794661755665
854,85.3017,5.439983080631592
855,85.4017,4.776461485107414
856,85.5017,4.560396109126442
857,85.6017,4.968111059769088
858,85.7017,4.858425534812968
859,85.8017,5.855158849402601
860,85.9017,5.635365999723605
861,86.0017,4.253252400652677
862,86.1017,5.0045808142542
863,86.2017,5.493277037231933
864,86.3017,5.147680569123451
865,86.4017,4.445431950717269
866,86.5017,5.267118771084855
867,86.6017,6.831293217304868
868,86.7017,6.9809821513075985
869,86.8017,4.616263509504781
870,86.9017,4.573942801147109
871,87.0017,5.465848359900383
872,87.1017,4.864295627207327
873,87.2017,5.505194212675722
874,87.3017,4.527601739075299
875,87.4017,4.33699874482564
876,87.5018,4.725493346139484
877,87.6018,4.692267575094012
878,87.7018,4.39516769284236
879,87.8018,4.487708435293504
880,87.9018,5.89797760983128
881,88.0018,4.920991672128069
882,88.1018,5.068549814558851
883,88.2018,5.140758911825943
884,88.3018,5.258451975139791
885,88.4018,5.413209228360198
886,88.5018,4.389092974373566
887,88.6018,5.220967460284717
888,88.7018,4.517139113867765
889,88.8018,6.128912581225519
890,88.9018,5.371586419493908
891,89.0018,4.780918057571181
892,89.1018,5.0548609700461355
893,89.2018,5.6578460000363195
894,89.3018,4.874957834482407
895,89.4018,5.109758395459844
896,89.5018,4.727629391732458
897,89.6018,5.691880065801289
898,89.7018,5.23037563270013
899,89.8018,4.75951906865034
900,89.9018,4.825893885138484
901,90.0018,6.152913556871234
902,90.1018,4.553876735847514
903,90.2018,4.635146377824181
904,90.3018,5.220818097803376
905,90.4018,4.904403625725286
906,90.5018,5.2280565628020375
907,90.6018,4.907839975420775
908,90.7018,6.694355998395375
909,90.8018,4.553461009039759
910,90.9018,5.568944984429368
911,91.0018,7.36137310167279
912,91.1018,5.5549959169495
913,91.2018,5.57346280884938
914,91.3018,5.404692100702892
915,91.4018,5.835678766462734
916,91.5018,5.781832572559561
917,91.6018,6.14350216983643
918,91.7018,4.574273174723366
919,91.8018,4.785791314264065
920,91.9018,4.736812670961332
921,92.0018,4.625822980217937
922,92.1018,4.88699976488961
923,92.2018,4.463678768759809
924,92.3018,6.149850360785946
925,92.4018,5.708645267231455
926,92.5019,5.167545401928571
927,92.6019,4.162488611704366
928,92.7019,4.33992610386509
929,92.8019,5.012441321687611
930,92.9019,4.812168680628307
931,93.0019,5.1581712727644495
932,93.1019,5.054267917646182
933,93.2019,5.417439727434625
934,93.3019,5.149070018669852
935,93.4019,5.183826843141898
936,93.5019,5.316457367542233
937,93.6019,4.956444851608139
938,93.7019,6.128047482869356
939,93.8019,5.143980160305735
940,93.9019,5.437253949505668
941,94.0019,6.444760318316325
942,94.1019,7.547176424784358
943,94.2019,5.940422677290012
944,94.3019,6.4497758348449725
945,94.4019,6.451727206528409
946,94.5019,8.58562661018862
947,94.6019,5.933727928040118
948,94.7019,4.81138845221299
949,94.8019,7.222548470984936
950,94.9019,5.723283401664654
951,95.0019,4.286328116820381
952,95.1019,5.495748479951562
953,95.2019,5.288661492302914
954,95.3019,6.282554681188939
955,95.4019,6.012191941178641
956,95.5019,6.124425992503317
957,95.6019,6.210397295536264
958,95.7019,4.746778038700917
959,95.8019,7.14065012779569
960,95.9019,4.926221118453088
961,96.0019,6.026721767179441
962,96.1019,5.337808769687197
963,96.2019,5.094957160431024
964,96.3019,5.7125134730980225
965,96.4019,4.237019789666463
966,96.5019,5.7281688434421625
967,96.6019,4.903611889352093
968,96.7019,5.987424363074156
969,96.8019,5.662860777336395
970,96.9019,5.8568255683070305
971,97.0019,4.850222234386553
972,97.1019,6.6190167001111675
973,97.2019,6.545066434060745
974,97.3019,5.0581849751853465
975,97.4019,5.438564306359097
976,97.5019,5.650153262272021
977,97.602,4.651853696788689
978,97.702,4.925272502425108
979,97.802,4.797155118723362
980,97.902,4.180038270312182
981,98.002,5.06821273745222
982,98.102,4.6218815112046485
983,98.202,5.908452983860055
984,98.302,5.277152845207791
985,98.402,4.585257445147988
986,98.502,5.646965816569261
987,98.602,5.606667296019866
988,98.702,6.660239255166894
989,98.802,6.685955735102288
990,98.902,5.035447229195722
991,99.002,5.768890685651648
992,99.102,5.889984499359355
993,99.202,4.420257348720377
994,99.302,5.306125735235869
995,99.402,7.6885672658737585
996,99.502,7.249639194357455
997,99.602,4.650085919005655
998,99.702,6.953061595261814
999,99.802,5.116918230963857
1000,99.902,5.5848180624629435
1001,100.0,10.054113167231101
